<?xml version="1.0" encoding="UTF-8"?>
<portlet-app xmlns="http://java.sun.com/xml/ns/portlet/portlet-app_1_0.xsd"
xmlns:xsi="http://www.w3.org/2001/XMLSchema-instance"
xsi:schemaLocation="http://java.sun.com/xml/ns/portlet/portlet-app_1_0.xsd /opt/SUNWps/dtd/portlet.xsd" version="1.0">

    <portlet>
        <portlet-name>JSPPortlet</portlet-name>
        <portlet-class>com.sun.portal.portlet.samples.jspportlet.JSPPortlet</portlet-class>
	<expiration-cache>0</expiration-cache>
	<supports>
	    <mime-type>text/html</mime-type>
	    <portlet-mode>EDIT</portlet-mode>
	    <portlet-mode>HELP</portlet-mode>
	</supports>
	<supports>
	    <mime-type>text/wml</mime-type>
	    <portlet-mode>EDIT</portlet-mode>
	    <portlet-mode>HELP</portlet-mode>
	</supports>
        <resource-bundle>ShowTimePortletRB</resource-bundle> 
        <portlet-info>
	    <title>ShowTime Portlet</title>
	    <keywords>jsp, clock, test</keywords>
        </portlet-info>
	<portlet-preferences>
	    <preference>
		<name>contentPage</name>
		<value>/jspportlet/content.jsp</value>
	    </preference>
	    <preference>
		<name>editPage</name>
		<value>/jspportlet/edit.jsp</value>
	    </preference>
            <preference>
                <name>helpPage</name>
                <value>/jspportlet/help.jsp</value>
            </preference>
            <preference>
                <name>timezone</name>
                <value></value>
            </preference>
	</portlet-preferences>
    </portlet>
    <portlet>
        <portlet-name>NotepadPortlet</portlet-name>
        <portlet-class>com.sun.portal.portlet.samples.notepad.NotepadPortlet</portlet-class>
	<expiration-cache>0</expiration-cache>
	<supports>
	    <mime-type>text/html</mime-type>
	    <portlet-mode>EDIT</portlet-mode>
	    <portlet-mode>HELP</portlet-mode>
	</supports>
	<supports>
	    <mime-type>text/wml</mime-type>
	    <portlet-mode>EDIT</portlet-mode>
	    <portlet-mode>HELP</portlet-mode>
	</supports>
        <resource-bundle>NotepadPortletRB</resource-bundle> 
        <portlet-info>
	    <title>Notepad Portlet</title>
	    <keywords>note, notepad, sample, test</keywords>
        </portlet-info>
	<portlet-preferences>
	    <preference>
		<name>contentPage</name>
		<value>/notepad/content.jsp</value>
	    </preference>
	    <preference>
		<name>editPage</name>
		<value>/notepad/edit.jsp</value>
	    </preference>
            <preference>
                <name>helpPage</name>
                <value>/notepad/help.jsp</value>
            </preference>
            <preference>
                <name>categories</name>
            </preference>
            <preference>
                <name>displayMax</name>
                <value>5</value>
            </preference>
	</portlet-preferences>
    </portlet>
    <portlet>
        <portlet-name>BookmarkPortlet</portlet-name>
        <portlet-class>com.sun.portal.portlet.samples.bookmarkportlet.BookmarkPortlet</portlet-class>
        <expiration-cache>0</expiration-cache>
        <supports>
            <mime-type>text/html</mime-type>
            <portlet-mode>EDIT</portlet-mode>
            <portlet-mode>HELP</portlet-mode>
        </supports>
        <supports>
            <mime-type>text/wml</mime-type>
            <portlet-mode>EDIT</portlet-mode>
            <portlet-mode>HELP</portlet-mode>
        </supports>
        <resource-bundle>BookmarkPortletRB</resource-bundle> 
        <portlet-info>
            <title>BookmarkPortlet</title>
        </portlet-info>
        <portlet-preferences>
	    <preference>
		<name>bookmarkContentPage</name>
		<value>/bookmarkportlet/content.jsp</value>
	    </preference>
	    <preference>
		<name>bookmarkEditPage</name>
		<value>/bookmarkportlet/edit.jsp</value>
	    </preference>
            <preference>
                <name>bookmarkHelpPage</name>
                <value>/bookmarkportlet/help.jsp</value>
            </preference>
            <preference>
                <name>targets</name>
                <value>Sun home page=http://www.sun.com</value>
                <value>Oracle home page=http://www.oracle.com</value>
                <value>AOL home page=http://www.aol.com</value>
            </preference>
            <preference>
               <name>windowPref</name>
               <value>all_new</value>
            </preference>
        </portlet-preferences>
    </portlet>
    <portlet>
        <portlet-name>WeatherPortlet</portlet-name>
        <portlet-class>com.sun.portal.portlet.samples.weatherportlet.WeatherPortlet</portlet-class>
        <init-param>
            <name>weather.url</name>
            <value>http://services.xmethods.net:80/soap/servlet/rpcrouter</value>
        </init-param>
        <expiration-cache>3600</expiration-cache>
        <supports>
            <mime-type>text/html</mime-type>
            <portlet-mode>EDIT</portlet-mode>
            <portlet-mode>HELP</portlet-mode>
        </supports>
        <resource-bundle>WeatherPortletRB</resource-bundle> 
        <portlet-info>
            <title>WeatherPortlet</title>
        </portlet-info>
        <portlet-preferences>
            <preference>
                <name>zip</name>
                <value>95054</value>
            </preference>
            <preference>
                <name>unit</name>
                <value>F</value>
            </preference>
	    <preference>
		<name>contentPage</name>
		<value>/weather/weatherView.jsp</value>
	    </preference>
	    <preference>
		<name>editPage</name>
		<value>/weather/weatherEdit.jsp</value>
	    </preference>
            <preference>
                <name>helpPage</name>
                <value>/weather/weatherHelp.jsp</value>
            </preference>
	    <preferences-validator>com.sun.portal.portlet.samples.weatherportlet.WeatherValidator</preferences-validator>
        </portlet-preferences>
    </portlet>

    <user-attribute>
    <description>Preferred TimeZone</description>
    <name>timezone</name>
    </user-attribute>
    <user-attribute>
    <description>Preferred Locale</description>
    <name>locale</name>
    </user-attribute>
</portlet-app>
