<?xml version="1.0" encoding="UTF-8"?>
<portlet-app-extension xmlns="http://www.sun.com/software/xml/ns/portal_server"
xmlns:xsi="http://www.w3.org/2001/XMLSchema-instance"
xmlns:sunportal="http://www.sun.com/software/xml/ns/portal_server"
xsi:noNamespaceSchemaLocation="http://www.sun.com/software/xml/ns/portal_server" version="1.0">

    <save-preferences-in-render-permission>1</save-preferences-in-render-permission>
    <portlet>
        <portlet-name>JSPPortlet</portlet-name>
        <deployment-extension>
            <extension-element>
                <session-enabled>0</session-enabled>
            </extension-element>
        </deployment-extension>
    </portlet>
    <portlet>
        <portlet-name>BookmarkPortlet</portlet-name>
        <deployment-extension>
            <extension-element>
                <session-enabled>0</session-enabled>
            </extension-element>
        </deployment-extension>
    </portlet>
    <portlet>
        <portlet-name>NotepadPortlet</portlet-name>
        <deployment-extension>
            <extension-element>
                <session-enabled>0</session-enabled>
            </extension-element>
        </deployment-extension>
    </portlet>
    <portlet>
        <portlet-name>WeatherPortlet</portlet-name>
        <deployment-extension>
            <extension-element>
                <session-enabled>0</session-enabled>
            </extension-element>
        </deployment-extension>
    </portlet>

</portlet-app-extension>
